annotation_source,coef_rep,p_value_rep,significant_at_0.05
gold_label,0.2513144282809065,0.6686932205606099,False
strict,0.4730852957831434,0.3826030717007848,False
loose,1.3963446969733915,0.011059146263201518,True
