party,gold_label,strict,loose
dem,0.2413793103448276,0.3103448275862069,0.3103448275862069
rep,0.2903225806451613,0.41935483870967744,0.6451612903225806
